{
    "name": "root",
    "gauges": {
        "BigWallJump.Policy.Entropy.mean": {
            "value": 2.025442600250244,
            "min": 1.955933928489685,
            "max": 3.473179817199707,
            "count": 117
        },
        "BigWallJump.Policy.Entropy.sum": {
            "value": 41067.875,
            "min": 38439.9375,
            "max": 68806.34375,
            "count": 117
        },
        "BigWallJump.Environment.EpisodeLength.mean": {
            "value": 72.09025270758123,
            "min": 65.93174061433447,
            "max": 345.89473684210526,
            "count": 117
        },
        "BigWallJump.Environment.EpisodeLength.sum": {
            "value": 19969.0,
            "min": 17650.0,
            "max": 21465.0,
            "count": 117
        },
        "BigWallJump.Step.mean": {
            "value": 2339944.0,
            "min": 19918.0,
            "max": 2339944.0,
            "count": 117
        },
        "BigWallJump.Step.sum": {
            "value": 2339944.0,
            "min": 19918.0,
            "max": 2339944.0,
            "count": 117
        },
        "BigWallJump.Policy.ExtrinsicValueEstimate.mean": {
            "value": 0.2587723135948181,
            "min": -0.2997693717479706,
            "max": 0.28841978311538696,
            "count": 117
        },
        "BigWallJump.Policy.ExtrinsicValueEstimate.sum": {
            "value": 84.61854553222656,
            "min": -64.95849609375,
            "max": 99.2164077758789,
            "count": 117
        },
        "BigWallJump.Environment.CumulativeReward.mean": {
            "value": 0.35796028761603343,
            "min": -0.9950556128271042,
            "max": 0.37253799811005595,
            "count": 117
        },
        "BigWallJump.Environment.CumulativeReward.sum": {
            "value": 99.15499966964126,
            "min": -82.52800337225199,
            "max": 99.17099984362721,
            "count": 117
        },
        "BigWallJump.Policy.ExtrinsicReward.mean": {
            "value": 0.35796028761603343,
            "min": -0.9950556128271042,
            "max": 0.37253799811005595,
            "count": 117
        },
        "BigWallJump.Policy.ExtrinsicReward.sum": {
            "value": 99.15499966964126,
            "min": -82.52800337225199,
            "max": 99.17099984362721,
            "count": 117
        },
        "BigWallJump.Losses.PolicyLoss.mean": {
            "value": 0.07421579757643954,
            "min": 0.06152476814221936,
            "max": 0.07421579757643954,
            "count": 100
        },
        "BigWallJump.Losses.PolicyLoss.sum": {
            "value": 0.6679421781879558,
            "min": 0.5537229132799742,
            "max": 0.7226453860331437,
            "count": 100
        },
        "BigWallJump.Losses.ValueLoss.mean": {
            "value": 0.06224820927046199,
            "min": 0.002496959240511387,
            "max": 0.06466783284796057,
            "count": 100
        },
        "BigWallJump.Losses.ValueLoss.sum": {
            "value": 0.5602338834341579,
            "min": 0.02496959240511387,
            "max": 0.6391989448240173,
            "count": 100
        },
        "BigWallJump.Policy.LearningRate.mean": {
            "value": 1.4982328339555585e-06,
            "min": 1.4982328339555585e-06,
            "max": 0.0002983426005524666,
            "count": 100
        },
        "BigWallJump.Policy.LearningRate.sum": {
            "value": 1.3484095505600027e-05,
            "min": 1.3484095505600027e-05,
            "max": 0.0028953372348875994,
            "count": 100
        },
        "BigWallJump.Policy.Epsilon.mean": {
            "value": 0.10049937777777779,
            "min": 0.10049937777777779,
            "max": 0.19944753333333332,
            "count": 100
        },
        "BigWallJump.Policy.Epsilon.sum": {
            "value": 0.9044944,
            "min": 0.9044944,
            "max": 1.9651124000000002,
            "count": 100
        },
        "BigWallJump.Policy.Beta.mean": {
            "value": 3.491895111111117e-05,
            "min": 3.491895111111117e-05,
            "max": 0.004972431913333334,
            "count": 100
        },
        "BigWallJump.Policy.Beta.sum": {
            "value": 0.00031427056000000054,
            "min": 0.00031427056000000054,
            "max": 0.04825910876,
            "count": 100
        },
        "BigWallJump.IsTraining.mean": {
            "value": 0.0,
            "min": 0.0,
            "max": 1.0,
            "count": 117
        },
        "BigWallJump.IsTraining.sum": {
            "value": 0.0,
            "min": 0.0,
            "max": 1.0,
            "count": 117
        },
        "SmallWallJump.Policy.Entropy.mean": {
            "value": 2.0106587409973145,
            "min": 2.0106587409973145,
            "max": 2.826314926147461,
            "count": 14
        },
        "SmallWallJump.Policy.Entropy.sum": {
            "value": 40287.5703125,
            "min": 40287.5703125,
            "max": 56382.15625,
            "count": 14
        },
        "SmallWallJump.Environment.EpisodeLength.mean": {
            "value": 20.95060373216246,
            "min": 20.95060373216246,
            "max": 30.1984375,
            "count": 14
        },
        "SmallWallJump.Environment.EpisodeLength.sum": {
            "value": 19086.0,
            "min": 19086.0,
            "max": 19363.0,
            "count": 14
        },
        "SmallWallJump.Step.mean": {
            "value": 279967.0,
            "min": 19989.0,
            "max": 279967.0,
            "count": 14
        },
        "SmallWallJump.Step.sum": {
            "value": 279967.0,
            "min": 19989.0,
            "max": 279967.0,
            "count": 14
        },
        "SmallWallJump.Policy.ExtrinsicValueEstimate.mean": {
            "value": 0.7796137928962708,
            "min": 0.6017286777496338,
            "max": 0.7933656573295593,
            "count": 14
        },
        "SmallWallJump.Policy.ExtrinsicValueEstimate.sum": {
            "value": 710.2281494140625,
            "min": 403.158203125,
            "max": 710.2281494140625,
            "count": 14
        },
        "SmallWallJump.Environment.CumulativeReward.mean": {
            "value": 0.8181503824685198,
            "min": 0.6443261210716316,
            "max": 0.8449971875001931,
            "count": 14
        },
        "SmallWallJump.Environment.CumulativeReward.sum": {
            "value": 745.3349984288216,
            "min": 431.69850111799315,
            "max": 751.2024996876717,
            "count": 14
        },
        "SmallWallJump.Policy.ExtrinsicReward.mean": {
            "value": 0.8181503824685198,
            "min": 0.6443261210716316,
            "max": 0.8449971875001931,
            "count": 14
        },
        "SmallWallJump.Policy.ExtrinsicReward.sum": {
            "value": 745.3349984288216,
            "min": 431.69850111799315,
            "max": 751.2024996876717,
            "count": 14
        },
        "SmallWallJump.Losses.PolicyLoss.mean": {
            "value": 0.07055748618246677,
            "min": 0.06351190326095094,
            "max": 0.07131054037405798,
            "count": 14
        },
        "SmallWallJump.Losses.PolicyLoss.sum": {
            "value": 0.7055748618246677,
            "min": 0.5776195923487346,
            "max": 0.7131054037405798,
            "count": 14
        },
        "SmallWallJump.Losses.ValueLoss.mean": {
            "value": 0.06648148206295447,
            "min": 0.051530713119535464,
            "max": 0.09382996066576904,
            "count": 14
        },
        "SmallWallJump.Losses.ValueLoss.sum": {
            "value": 0.6648148206295447,
            "min": 0.46377641807581915,
            "max": 0.9307794218572478,
            "count": 14
        },
        "SmallWallJump.Policy.LearningRate.mean": {
            "value": 3.069448976853333e-05,