{
    "name": "root",
    "gauges": {
        "BigWallJump.Policy.Entropy.mean": {
            "value": 3.080988883972168,
            "min": 3.0687220096588135,
            "max": 3.906935453414917,
            "count": 79
        },
        "BigWallJump.Policy.Entropy.sum": {
            "value": 60495.21875,
            "min": 59937.92578125,
            "max": 81049.375,
            "count": 79
        },
        "BigWallJump.Environment.EpisodeLength.mean": {
            "value": 330.56666666666666,
            "min": 85.88479262672811,
            "max": 377.75925925925924,
            "count": 79
        },
        "BigWallJump.Environment.EpisodeLength.sum": {
            "value": 19834.0,
            "min": 18322.0,
            "max": 21731.0,
            "count": 79
        },
        "BigWallJump.Step.mean": {
            "value": 1579992.0,
            "min": 19994.0,
            "max": 1579992.0,
            "count": 79
        },
        "BigWallJump.Step.sum": {
            "value": 1579992.0,
            "min": 19994.0,
            "max": 1579992.0,
            "count": 79
        },
        "BigWallJump.Policy.ExtrinsicValueEstimate.mean": {
            "value": -0.2525186836719513,
            "min": -0.3835679888725281,
            "max": -0.24922746419906616,
            "count": 79
        },
        "BigWallJump.Policy.ExtrinsicValueEstimate.sum": {
            "value": -51.51380920410156,
            "min": -107.40203857421875,
            "max": -49.65225601196289,
            "count": 79
        },
        "BigWallJump.Environment.CumulativeReward.mean": {
            "value": -0.8774583930149674,
            "min": -1.1849679950242624,
            "max": -0.8452000609909495,
            "count": 79
        },
        "BigWallJump.Environment.CumulativeReward.sum": {
            "value": -52.64750358089805,
            "min": -242.2635033192928,
            "max": -48.58850345388055,
            "count": 79
        },
        "BigWallJump.Policy.ExtrinsicReward.mean": {
            "value": -0.8774583930149674,
            "min": -1.1849679950242624,
            "max": -0.8452000609909495,
            "count": 79
        },
        "BigWallJump.Policy.ExtrinsicReward.sum": {
            "value": -52.64750358089805,
            "min": -242.2635033192928,
            "max": -48.58850345388055,
            "count": 79
        },
        "BigWallJump.Losses.PolicyLoss.mean": {
            "value": 0.06944367366227625,
            "min": 0.06402357468687907,
            "max": 0.0718187645987216,
            "count": 15
        },
        "BigWallJump.Losses.PolicyLoss.sum": {
            "value": 0.6249930629604862,
            "min": 0.5762121721819116,
            "max": 0.703136753193879,
            "count": 15
        },
        "BigWallJump.Losses.ValueLoss.mean": {
            "value": 0.003425095655770479,
            "min": 0.003209030974236763,
            "max": 0.02845518891974799,
            "count": 15
        },
        "BigWallJump.Losses.ValueLoss.sum": {
            "value": 0.030825860901934312,
            "min": 0.030825860901934312,
            "max": 0.2560967002777319,
            "count": 15
        },
        "BigWallJump.Policy.LearningRate.mean": {
            "value": 1.0445207629407407e-05,
            "min": 1.0445207629407407e-05,
            "max": 0.0002893656702114444,
            "count": 15
        },
        "BigWallJump.Policy.LearningRate.sum": {
            "value": 9.400686866466665e-05,
            "min": 9.400686866466665e-05,
            "max": 0.0026042910319029997,
            "count": 15
        },
        "BigWallJump.Policy.Epsilon.mean": {
            "value": 0.1034817037037037,
            "min": 0.1034817037037037,
            "max": 0.19645522222222223,
            "count": 15
        },
        "BigWallJump.Policy.Epsilon.sum": {
            "value": 0.9313353333333333,
            "min": 0.9313353333333333,
            "max": 1.8343863333333332,
            "count": 15
        },
        "BigWallJump.Policy.Beta.mean": {
            "value": 0.0001837370148148148,
            "min": 0.0001837370148148148,
            "max": 0.004823115588888889,
            "count": 15
        },
        "BigWallJump.Policy.Beta.sum": {
            "value": 0.0016536331333333331,
            "min": 0.0016536331333333331,
            "max": 0.043408040300000006,
            "count": 15
        },
        "BigWallJump.IsTraining.mean": {
            "value": 0.0,
            "min": 0.0,
            "max": 1.0,
            "count": 79
        },
        "BigWallJump.IsTraining.sum": {
            "value": 0.0,
            "min": 0.0,
            "max": 1.0,
            "count": 79
        },
        "SmallWallJump.Policy.Entropy.mean": {
            "value": 2.763143301010132,
            "min": 2.763143301010132,
            "max": 3.9322850704193115,
            "count": 6
        },
        "SmallWallJump.Policy.Entropy.sum": {
            "value": 55367.86328125,
            "min": 55367.86328125,
            "max": 78826.5859375,
            "count": 6
        },
        "SmallWallJump.Environment.EpisodeLength.mean": {
            "value": 27.997101449275362,
            "min": 27.68103448275862,
            "max": 62.0377358490566,
            "count": 6
        },
        "SmallWallJump.Environment.EpisodeLength.sum": {
            "value": 19318.0,
            "min": 19266.0,
            "max": 19728.0,
            "count": 6
        },
        "SmallWallJump.Step.mean": {
            "value": 119994.0,
            "min": 19966.0,
            "max": 119994.0,
            "count": 6
        },
        "SmallWallJump.Step.sum": {
            "value": 119994.0,
            "min": 19966.0,
            "max": 119994.0,
            "count": 6
        },
        "SmallWallJump.Policy.ExtrinsicValueEstimate.mean": {
            "value": 0.6058489680290222,
            "min": -0.2686637043952942,
            "max": 0.6402307748794556,
            "count": 6
        },
        "SmallWallJump.Policy.ExtrinsicValueEstimate.sum": {
            "value": 418.0357971191406,
            "min": -98.86824798583984,
            "max": 446.2408447265625,
            "count": 6
        },
        "SmallWallJump.Environment.CumulativeReward.mean": {
            "value": 0.5995181150194527,
            "min": -0.7890425923057136,
            "max": 0.5995181150194527,
            "count": 6
        },
        "SmallWallJump.Environment.CumulativeReward.sum": {
            "value": 413.6674993634224,
            "min": -250.1265017609112,
            "max": 415.79999962449074,
            "count": 6
        },
        "SmallWallJump.Policy.ExtrinsicReward.mean": {
            "value": 0.5995181150194527,
            "min": -0.7890425923057136,
            "max": 0.5995181150194527,
            "count": 6
        },
        "SmallWallJump.Policy.ExtrinsicReward.sum": {
            "value": 413.6674993634224,
            "min": -250.1265017609112,
            "max": 415.79999962449074,
            "count": 6
        },
        "SmallWallJump.Losses.PolicyLoss.mean": {
            "value": 0.06868687659260575,
            "min": 0.06689120952117568,
            "max": 0.07463352779504256,
            "count": 6
        },
        "SmallWallJump.Losses.PolicyLoss.sum": {
            "value": 0.6181818893334518,
            "min": 0.6181818893334518,
            "max": 0.6844472477290159,
            "count": 6
        },
        "SmallWallJump.Losses.ValueLoss.mean": {
            "value": 0.11098851444182434,
            "min": 0.0665177223401972,
            "max": 0.12913117335798838,
            "count": 6
        },
        "SmallWallJump.Losses.ValueLoss.sum": {
            "value": 0.998896629976419,
            "min": 0.5986595010617748,
            "max": 1.2913117335798838,
            "count": 6
        },